{
  "validation_timestamp": "2025-09-06T02:21:55.367298",
  "data_sources": [
    "AAPL",
    "MSFT",
    "GOOGL",
    "AMZN",
    "TSLA",
    "META",
    "NVDA",
    "NFLX",
    "KO",
    "JPM",
    "BAC",
    "WMT",
    "JNJ",
    "PG",
    "V"
  ],
  "total_samples": 4350,
  "total_features": 36,
  "selected_features": 36,
  "models": {
    "random_forest": {
      "r2_score": 0.8681828630729195,
      "mse": 0.01800657380983607,
      "mae": 0.11475192968932349,
      "cv_mean": -0.15684094825352063,
      "cv_std": 0.05231395741868546
    },
    "gradient_boosting": {
      "r2_score": 0.9891843699862697,
      "mse": 0.0014774440158706137,
      "mae": 0.0286581448097316,
      "cv_mean": -0.3070509796493334,
      "cv_std": 0.09005276688609987
    },
    "ridge": {
      "r2_score": 0.041005182268734064,
      "mse": 0.1310012595576315,
      "mae": 0.3421388255610786,
      "cv_mean": -0.07070559426258152,
      "cv_std": 0.08622054775369704
    },
    "lasso": {
      "r2_score": 0.0,
      "mse": 0.13660267723609462,
      "mae": 0.3545783485268859,
      "cv_mean": -0.0024236353146954047,
      "cv_std": 0.002511925572985761
    },
    "svr": {
      "r2_score": 0.3189253895451153,
      "mse": 0.0930366151856675,
      "mae": 0.2502583021507705,
      "cv_mean": -0.37112711773284474,
      "cv_std": 0.16208514944025465
    },
    "mlp": {
      "r2_score": 0.8120825625875476,
      "mse": 0.02567002504988724,
      "mae": 0.12508665398425906,
      "cv_mean": -2.023155227447726,
      "cv_std": 1.4345782190031013
    },
    "ensemble": {
      "r2_score": 0.7879592847688062,
      "mse": 0.028965329383637422,
      "mae": 0.1598004916360144,
      "cv_mean": null,
      "cv_std": null
    }
  }
}