{
  "validation_timestamp": "2025-09-06T04:40:08.535007",
  "data_sources": [
    "AAPL",
    "MSFT",
    "GOOGL",
    "AMZN",
    "TSLA",
    "META",
    "NVDA",
    "NFLX",
    "KO",
    "JPM"
  ],
  "total_data_points": 3650,
  "models": {
    "market_regime": {
      "model_type": "Market Regime Detection",
      "accuracy": 0.9012738853503185,
      "test_samples": 628,
      "training_samples": 2512,
      "feature_importance": [
        0.10724771645499051,
        0.49106358141790574,
        0.12671901796738214,
        0.11579902774929854,
        0.15917065641042297
      ],
      "regime_distribution": [
        141,
        142,
        202,
        2655
      ]
    },
    "portfolio_optimization": {
      "model_type": "Portfolio Optimization",
      "mse": 0.009057771751649854,
      "mae": 0.08730570428926127,
      "r2_score": 0.04179743617853393,
      "test_samples": 570,
      "training_samples": 2280,
      "feature_importance": [
        0.10036794450782947,
        0.11626187362521581,
        0.10626304662869313,
        0.06516870020950784,
        0.3407891690776428,
        0.2711492659511109
      ]
    },
    "stock_scoring": {
      "model_type": "Stock Scoring",
      "mse": 0.1170708870967742,
      "mae": 0.29167741935483865,
      "r2_score": 0.06866620447019867,
      "test_samples": 620,
      "training_samples": 2480,
      "feature_importance": [
        0.1821364855323443,
        0.23536013983189208,
        0.1805179170754395,
        0.21636930603245824,
        0.18561615152786584
      ]
    }
  }
}