{
  "validation_timestamp": "2025-09-06T04:59:34.203513",
  "data_sources": [
    "AAPL",
    "MSFT",
    "GOOGL",
    "AMZN",
    "TSLA",
    "META",
    "NVDA",
    "NFLX",
    "KO",
    "JPM"
  ],
  "total_data_points": 3650,
  "models": {
    "market_regime": {
      "model_type": "Market Regime Detection",
      "accuracy": 0.9012738853503185,
      "test_samples": 628,
      "training_samples": 2512,
      "feature_importance": [
        0.1073046892612188,
        0.4911052542713891,
        0.12660722945642033,
        0.11575075471717501,
        0.15923207229379682
      ],
      "regime_distribution": [
        141,
        142,
        202,
        2655
      ]
    },
    "portfolio_optimization": {
      "model_type": "Portfolio Optimization",
      "mse": 0.009081129124021418,
      "mae": 0.08734127892080824,
      "r2_score": 0.03932650903395363,
      "test_samples": 570,
      "training_samples": 2280,
      "feature_importance": [
        0.1346388179685142,
        0.11183368156668805,
        0.0859371142713781,
        0.09574289974741548,
        0.3328377328754325,
        0.2390097535705717
      ]
    },
    "stock_scoring": {
      "model_type": "Stock Scoring",
      "mse": 0.11719052419354839,
      "mae": 0.29181451612903225,
      "r2_score": 0.06771445571192058,
      "test_samples": 620,
      "training_samples": 2480,
      "feature_importance": [
        0.18221001548111748,
        0.2354019566334347,
        0.18052109415217854,
        0.21663660169423404,
        0.18523033203903527
      ]
    }
  }
}