{
  "validation_timestamp": "2025-09-06T18:24:56.295728",
  "data_sources": [
    "AAPL",
    "MSFT",
    "GOOGL",
    "AMZN",
    "TSLA",
    "META",
    "NVDA",
    "NFLX",
    "KO",
    "JPM"
  ],
  "total_data_points": 3650,
  "models": {
    "market_regime": {
      "model_type": "Market Regime Detection",
      "accuracy": 0.9012738853503185,
      "test_samples": 628,
      "training_samples": 2512,
      "feature_importance": [
        0.10724771645499051,
        0.49106358141790574,
        0.12671901796738214,
        0.11579902774929854,
        0.15917065641042297
      ],
      "regime_distribution": [
        141,
        142,
        202,
        2655
      ]
    },
    "portfolio_optimization": {
      "model_type": "Portfolio Optimization",
      "mse": 0.009208229101700298,
      "mae": 0.08807186776227151,
      "r2_score": 0.02588087054661037,
      "test_samples": 570,
      "training_samples": 2280,
      "feature_importance": [
        0.08766091221213104,
        0.1277533903203195,
        0.12046246363050428,
        0.11809554847481309,
        0.30658584750208956,
        0.2394418378601425
      ]
    },
    "stock_scoring": {
      "model_type": "Stock Scoring",
      "mse": 0.11722528225806451,
      "mae": 0.2918629032258065,
      "r2_score": 0.06743794495033106,
      "test_samples": 620,
      "training_samples": 2480,
      "feature_importance": [
        0.18232466449194715,
        0.2353849671014636,
        0.1807260214926982,
        0.21640758427672538,
        0.1851567626371657
      ]
    }
  }
}