{
  "validation_timestamp": "2025-09-06T02:22:39.680494",
  "data_sources": [
    "AAPL",
    "MSFT",
    "GOOGL",
    "AMZN",
    "TSLA",
    "META",
    "NVDA",
    "NFLX",
    "KO",
    "JPM"
  ],
  "total_samples": 3100,
  "total_features": 9,
  "selected_features": 9,
  "models": {
    "random_forest": {
      "cv_r2_mean": -0.0741689255965305,
      "cv_r2_std": 0.045954572629358,
      "cv_r2_scores": [
        -0.11310067818100089,
        -0.10249471404027455,
        -0.021831443021620656,
        -0.11862501103128431,
        -0.014792781708472091
      ],
      "training_r2": 0.08825786715001194,
      "mse": 0.16398453966956214,
      "mae": 0.3782569191252227
    },
    "gradient_boosting": {
      "cv_r2_mean": -0.15617125352439748,
      "cv_r2_std": 0.1240493089484385,
      "cv_r2_scores": [
        -0.2107214515973186,
        -0.3518889577296649,
        -0.05350721781621948,
        -0.16670986939177634,
        0.0019712289129919514
      ],
      "training_r2": 0.20517961014178188,
      "mse": 0.14295517455517964,
      "mae": 0.34719551429470724
    },
    "ridge": {
      "cv_r2_mean": -0.024935762807859963,
      "cv_r2_std": 0.015741515493357235,
      "cv_r2_scores": [
        -0.04794886288333711,
        -0.03614301030441314,
        -0.01143446564538153,
        -0.024241816442418518,
        -0.00491065876374952
      ],
      "training_r2": 0.003589186149590917,
      "mse": 0.1792129185916619,
      "mae": 0.39701583869150353
    },
    "elastic_net": {
      "cv_r2_mean": -0.009507121004733943,
      "cv_r2_std": 0.0063837588486593865,
      "cv_r2_scores": [
        -0.014653225389892999,
        -0.013703004974768396,
        -0.0015557666086201127,
        -0.01572132949441296,
        -0.0019022785559752453
      ],
      "training_r2": 0.0,
      "mse": 0.17985846409989595,
      "mae": 0.397970946930281
    }
  }
}