{
  "random_forest": {
    "accuracy": 0.7320813771517997,
    "precision": 0.9223907225691347,
    "recall": 0.5734886300610095,
    "f1": 0.7072503419972641,
    "roc_auc": 0.7615599957924533
  },
  "gradient_boosting": {
    "accuracy": 0.7361502347417841,
    "precision": 0.9477611940298507,
    "recall": 0.5635052689961176,
    "f1": 0.7067826086956522,
    "roc_auc": 0.7762704719465005
  },
  "logistic_regression": {
    "accuracy": 0.7342723004694836,
    "precision": 0.8865478119935171,
    "recall": 0.6067665002773156,
    "f1": 0.7204478103391505,
    "roc_auc": 0.7555236005125556
  }
}