{
  "timestamp": "2025-12-07T14:36:12.516112",
  "summary": {
    "total_tests": 1,
    "total_requests": 50,
    "total_successful": 0,
    "total_failed": 50,
    "overall_success_rate": 0.0,
    "avg_response_time_ms": 331.95340156555176
  },
  "test_results": [
    {
      "query": "strategies",
      "concurrent_users": 10,
      "requests_per_user": 5,
      "total_requests": 50,
      "successful_requests": 0,
      "failed_requests": 50,
      "success_rate": 0.0,
      "total_time_seconds": 2.3462018966674805,
      "requests_per_second": 21.31103894810564,
      "avg_response_time_ms": 331.95340156555176,
      "median_response_time_ms": 26.818275451660156,
      "min_response_time_ms": 4.133939743041992,
      "max_response_time_ms": 1454.6051025390625,
      "p95_response_time_ms": 1335.4167938232422,
      "p99_response_time_ms": 1454.6051025390625
    }
  ]
}