{
  "phase": "LSTM",
  "final_train_loss": 100351984.0,
  "final_val_loss": 25636512.0,
  "total_epochs": 10,
  "elapsed_seconds": 11.733695983886719,
  "timestamp": "2026-02-01T19:01:55.673509"
}